GenomeID	variable	value	Substrate	Label
1	GCF_000381125.1	EPS_DHP_96_01	0.031162129	DHP 96	GCF_000381125.1 (s__Caldimonas)
2	LS.5	EPS_DHP_96_01	0	DHP 96	LS.5 (g__CV81)
3	NO.1	EPS_DHP_96_01	0.143192521	DHP 96	NO.1 (g__Novosphingobium_A)
4	MB2.62	EPS_DHP_96_01	0.19562015	DHP 96	MB2.62 (f__Magnetospiraceae)
5	CO.1	EPS_DHP_96_01	0.490883049	DHP 96	CO.1 (g__Rubrivivax)
6	L.E.AP.42	EPS_DHP_96_01	1	DHP 96	L.E.AP.42 (g__UBA2250)
7	MB2.14	EPS_DHP_96_01	1	DHP 96	MB2.14 (g__Ga0077555)
8	L.E.AP.25	EPS_DHP_96_01	0.823917307	DHP 96	L.E.AP.25 (g__UBA3361)
9	GCA_002339725.1	EPS_DHP_96_01	0.914529281	DHP 96	GCA_002339725.1 (s__UBA3361)
10	MB2.52	EPS_DHP_96_01	1	DHP 96	MB2.52 (g__UBA3361)
11	MB2.71	EPS_DHP_96_01	1	DHP 96	MB2.71 (g__UBA3361)
12	L.E.AP.19	EPS_DHP_96_01	0.597388644	DHP 96	L.E.AP.19 (o__UBA1301)
13	MB2.245	EPS_DHP_96_01	0.752120644	DHP 96	MB2.245 (g__BOG-931)
14	MB2.141	EPS_DHP_96_01	0.322761975	DHP 96	MB2.141 (g__SG8-30)
15	MB2.174	EPS_DHP_96_01	0.06209824	DHP 96	MB2.174 (g__SM1-46)
16	MB2.298	EPS_DHP_96_01	0.072656766	DHP 96	MB2.298 (f__21-64-14)
17	L.E.AP.13	EPS_DHP_96_01	0.036544561	DHP 96	L.E.AP.13 (g__CV81)
18	L.E.AP.16	EPS_DHP_96_01	0.253718071	DHP 96	L.E.AP.16 (g__Rubrivivax)
19	MB2.155	EPS_DHP_96_01	0.166892218	DHP 96	MB2.155 (g__UBA3361)
20	MB2.147	EPS_DHP_96_01	0.185183073	DHP 96	MB2.147 (g__UBA7672)
21	L.E.AP.33	EPS_DHP_96_01	0.37553251	DHP 96	L.E.AP.33 (f__Hydrogenophilaceae)
22	MB2.234	EPS_DHP_96_01	0.015838139	DHP 96	MB2.234 (g__RBG-16-58-11)
23	MB2.319	EPS_DHP_96_01	0.376873036	DHP 96	MB2.319 (f__SG8-39)
24	MB2.191	EPS_DHP_96_01	0.209070866	DHP 96	MB2.191 (g__28-57-27)
25	MB2.220	EPS_DHP_96_01	0.173311583	DHP 96	MB2.220 (f__Hydrogenophilaceae)
26	L.E.AP.45	EPS_DHP_96_01	0.132585617	DHP 96	L.E.AP.45 (g__Pseudorhodoplanes)
27	MB2.232	EPS_DHP_96_01	0.061913986	DHP 96	MB2.232 (f__Burkholderiaceae)
28	MB2.211	EPS_DHP_96_01	0.441729	DHP 96	MB2.211 (g__Thiobacillus)
29	MB2.224	EPS_DHP_96_01	0.25551928	DHP 96	MB2.224 (f__Dongiaceae)
30	MB2.8	EPS_DHP_96_01	0.462453825	DHP 96	MB2.8 (f__21-64-14)
31	MB2.316	EPS_DHP_96_01	0.30727754	DHP 96	MB2.316 (f__UBA7966)
32	MB2.253	EPS_DHP_96_01	0.309485886	DHP 96	MB2.253 (p__Proteobacteria)
33	MB2.231	EPS_DHP_96_01	0.240675288	DHP 96	MB2.231 (f__Geminicoccaceae)
34	MB2.86	EPS_DHP_96_01	0.386724137	DHP 96	MB2.86 (f__Geminicoccaceae)
35	L.E.AP.15	EPS_DHP_96_01	0.523941985	DHP 96	L.E.AP.15 (f__Parvularculaceae)
36	MB2.113	EPS_DHP_96_01	0.804216516	DHP 96	MB2.113 (f__Ga0077523)
37	L.E.AP.39	EPS_DHP_96_01	0.604601313	DHP 96	L.E.AP.39 (f__Hyphomonadaceae)
38	MB2.215	EPS_DHP_96_01	0.212136802	DHP 96	MB2.215 (o__Burkholderiales)
39	L.E.AP.14	EPS_DHP_96_01	0.046972511	DHP 96	L.E.AP.14 (f__UBA1301)
40	MB2.115	EPS_DHP_96_01	0.193399475	DHP 96	MB2.115 (o__Rhodospirillales_A)
41	AB.1	EPS_DHP_96_01	0.346476885	DHP 96	AB.1 (g__Altererythrobacter)
42	LS.6	EPS_DHP_96_01	0.290904255	DHP 96	LS.6 (g__Porphyrobacter)
43	LS.9	EPS_DHP_96_01	0.139023854	DHP 96	LS.9 (g__Altererythrobacter)
44	GCF_000381125.1	EPS_DHP_96_02	0.32969386	DHP 96	GCF_000381125.1 (s__Caldimonas)
45	LS.5	EPS_DHP_96_02	0	DHP 96	LS.5 (g__CV81)
46	NO.1	EPS_DHP_96_02	1	DHP 96	NO.1 (g__Novosphingobium_A)
47	MB2.62	EPS_DHP_96_02	1	DHP 96	MB2.62 (f__Magnetospiraceae)
48	CO.1	EPS_DHP_96_02	1	DHP 96	CO.1 (g__Rubrivivax)
49	L.E.AP.42	EPS_DHP_96_02	0.504104395	DHP 96	L.E.AP.42 (g__UBA2250)
50	MB2.14	EPS_DHP_96_02	0.853763786	DHP 96	MB2.14 (g__Ga0077555)
51	L.E.AP.25	EPS_DHP_96_02	1	DHP 96	L.E.AP.25 (g__UBA3361)
52	GCA_002339725.1	EPS_DHP_96_02	1	DHP 96	GCA_002339725.1 (s__UBA3361)
53	MB2.52	EPS_DHP_96_02	0.688996055	DHP 96	MB2.52 (g__UBA3361)
54	MB2.71	EPS_DHP_96_02	0.549495509	DHP 96	MB2.71 (g__UBA3361)
55	L.E.AP.19	EPS_DHP_96_02	0.541702517	DHP 96	L.E.AP.19 (o__UBA1301)
56	MB2.245	EPS_DHP_96_02	0.860618623	DHP 96	MB2.245 (g__BOG-931)
57	MB2.141	EPS_DHP_96_02	0.432244801	DHP 96	MB2.141 (g__SG8-30)
58	MB2.174	EPS_DHP_96_02	0.051502378	DHP 96	MB2.174 (g__SM1-46)
59	MB2.298	EPS_DHP_96_02	0.020852106	DHP 96	MB2.298 (f__21-64-14)
60	L.E.AP.13	EPS_DHP_96_02	0.124848922	DHP 96	L.E.AP.13 (g__CV81)
61	L.E.AP.16	EPS_DHP_96_02	0.221159829	DHP 96	L.E.AP.16 (g__Rubrivivax)
62	MB2.155	EPS_DHP_96_02	0.224166534	DHP 96	MB2.155 (g__UBA3361)
63	MB2.147	EPS_DHP_96_02	0	DHP 96	MB2.147 (g__UBA7672)
64	L.E.AP.33	EPS_DHP_96_02	0.852505938	DHP 96	L.E.AP.33 (f__Hydrogenophilaceae)
65	MB2.234	EPS_DHP_96_02	0.141556283	DHP 96	MB2.234 (g__RBG-16-58-11)
66	MB2.319	EPS_DHP_96_02	0.375486943	DHP 96	MB2.319 (f__SG8-39)
67	MB2.191	EPS_DHP_96_02	0.235923922	DHP 96	MB2.191 (g__28-57-27)
68	MB2.220	EPS_DHP_96_02	0.157191071	DHP 96	MB2.220 (f__Hydrogenophilaceae)
69	L.E.AP.45	EPS_DHP_96_02	0.110323065	DHP 96	L.E.AP.45 (g__Pseudorhodoplanes)
70	MB2.232	EPS_DHP_96_02	0.072804433	DHP 96	MB2.232 (f__Burkholderiaceae)
71	MB2.211	EPS_DHP_96_02	0.006913246	DHP 96	MB2.211 (g__Thiobacillus)
72	MB2.224	EPS_DHP_96_02	0.125178016	DHP 96	MB2.224 (f__Dongiaceae)
73	MB2.8	EPS_DHP_96_02	0.797841793	DHP 96	MB2.8 (f__21-64-14)
74	MB2.316	EPS_DHP_96_02	0.331813594	DHP 96	MB2.316 (f__UBA7966)
75	MB2.253	EPS_DHP_96_02	0.357752641	DHP 96	MB2.253 (p__Proteobacteria)
76	MB2.231	EPS_DHP_96_02	0.217494193	DHP 96	MB2.231 (f__Geminicoccaceae)
77	MB2.86	EPS_DHP_96_02	0.420977242	DHP 96	MB2.86 (f__Geminicoccaceae)
78	L.E.AP.15	EPS_DHP_96_02	0.691645334	DHP 96	L.E.AP.15 (f__Parvularculaceae)
79	MB2.113	EPS_DHP_96_02	0.458952816	DHP 96	MB2.113 (f__Ga0077523)
80	L.E.AP.39	EPS_DHP_96_02	0.842434243	DHP 96	L.E.AP.39 (f__Hyphomonadaceae)
81	MB2.215	EPS_DHP_96_02	0.081126286	DHP 96	MB2.215 (o__Burkholderiales)
82	L.E.AP.14	EPS_DHP_96_02	0.477178579	DHP 96	L.E.AP.14 (f__UBA1301)
83	MB2.115	EPS_DHP_96_02	0.166667468	DHP 96	MB2.115 (o__Rhodospirillales_A)
84	AB.1	EPS_DHP_96_02	0.046001162	DHP 96	AB.1 (g__Altererythrobacter)
85	LS.6	EPS_DHP_96_02	0.085023194	DHP 96	LS.6 (g__Porphyrobacter)
86	LS.9	EPS_DHP_96_02	0.065223819	DHP 96	LS.9 (g__Altererythrobacter)
87	GCF_000381125.1	EPS_DHP_96_03	0.636769696	DHP 96	GCF_000381125.1 (s__Caldimonas)
88	LS.5	EPS_DHP_96_03	0	DHP 96	LS.5 (g__CV81)
89	NO.1	EPS_DHP_96_03	0.02133331	DHP 96	NO.1 (g__Novosphingobium_A)
90	MB2.62	EPS_DHP_96_03	0.47541852	DHP 96	MB2.62 (f__Magnetospiraceae)
91	CO.1	EPS_DHP_96_03	0.389004564	DHP 96	CO.1 (g__Rubrivivax)
92	L.E.AP.42	EPS_DHP_96_03	0.187521848	DHP 96	L.E.AP.42 (g__UBA2250)
93	MB2.14	EPS_DHP_96_03	0.640549809	DHP 96	MB2.14 (g__Ga0077555)
94	L.E.AP.25	EPS_DHP_96_03	0.65272934	DHP 96	L.E.AP.25 (g__UBA3361)
95	GCA_002339725.1	EPS_DHP_96_03	0.68279725	DHP 96	GCA_002339725.1 (s__UBA3361)
96	MB2.52	EPS_DHP_96_03	0.488515502	DHP 96	MB2.52 (g__UBA3361)
97	MB2.71	EPS_DHP_96_03	0.821510215	DHP 96	MB2.71 (g__UBA3361)
98	L.E.AP.19	EPS_DHP_96_03	0.409667334	DHP 96	L.E.AP.19 (o__UBA1301)
99	MB2.245	EPS_DHP_96_03	0.302438944	DHP 96	MB2.245 (g__BOG-931)
100	MB2.141	EPS_DHP_96_03	0.638283254	DHP 96	MB2.141 (g__SG8-30)
101	MB2.174	EPS_DHP_96_03	0.025570824	DHP 96	MB2.174 (g__SM1-46)
102	MB2.298	EPS_DHP_96_03	0.018014731	DHP 96	MB2.298 (f__21-64-14)
103	L.E.AP.13	EPS_DHP_96_03	0.03390847	DHP 96	L.E.AP.13 (g__CV81)
104	L.E.AP.16	EPS_DHP_96_03	0.073990479	DHP 96	L.E.AP.16 (g__Rubrivivax)
105	MB2.155	EPS_DHP_96_03	0.127748801	DHP 96	MB2.155 (g__UBA3361)
106	MB2.147	EPS_DHP_96_03	0	DHP 96	MB2.147 (g__UBA7672)
107	L.E.AP.33	EPS_DHP_96_03	0.478107111	DHP 96	L.E.AP.33 (f__Hydrogenophilaceae)
108	MB2.234	EPS_DHP_96_03	0.02245055	DHP 96	MB2.234 (g__RBG-16-58-11)
109	MB2.319	EPS_DHP_96_03	0.225297985	DHP 96	MB2.319 (f__SG8-39)
110	MB2.191	EPS_DHP_96_03	0.159709963	DHP 96	MB2.191 (g__28-57-27)
111	MB2.220	EPS_DHP_96_03	0.126120724	DHP 96	MB2.220 (f__Hydrogenophilaceae)
112	L.E.AP.45	EPS_DHP_96_03	0	DHP 96	L.E.AP.45 (g__Pseudorhodoplanes)
113	MB2.232	EPS_DHP_96_03	0.226302876	DHP 96	MB2.232 (f__Burkholderiaceae)
114	MB2.211	EPS_DHP_96_03	0.295261331	DHP 96	MB2.211 (g__Thiobacillus)
115	MB2.224	EPS_DHP_96_03	0.083613683	DHP 96	MB2.224 (f__Dongiaceae)
116	MB2.8	EPS_DHP_96_03	0.289668911	DHP 96	MB2.8 (f__21-64-14)
117	MB2.316	EPS_DHP_96_03	0.239813712	DHP 96	MB2.316 (f__UBA7966)
118	MB2.253	EPS_DHP_96_03	0.217610299	DHP 96	MB2.253 (p__Proteobacteria)
119	MB2.231	EPS_DHP_96_03	0.194311745	DHP 96	MB2.231 (f__Geminicoccaceae)
120	MB2.86	EPS_DHP_96_03	0.328713745	DHP 96	MB2.86 (f__Geminicoccaceae)
121	L.E.AP.15	EPS_DHP_96_03	0.355017634	DHP 96	L.E.AP.15 (f__Parvularculaceae)
122	MB2.113	EPS_DHP_96_03	0.230655951	DHP 96	MB2.113 (f__Ga0077523)
123	L.E.AP.39	EPS_DHP_96_03	0.400082216	DHP 96	L.E.AP.39 (f__Hyphomonadaceae)
124	MB2.215	EPS_DHP_96_03	0.263729205	DHP 96	MB2.215 (o__Burkholderiales)
125	L.E.AP.14	EPS_DHP_96_03	0.074773491	DHP 96	L.E.AP.14 (f__UBA1301)
126	MB2.115	EPS_DHP_96_03	0.01655049	DHP 96	MB2.115 (o__Rhodospirillales_A)
127	AB.1	EPS_DHP_96_03	0.011524215	DHP 96	AB.1 (g__Altererythrobacter)
128	LS.6	EPS_DHP_96_03	0.046955502	DHP 96	LS.6 (g__Porphyrobacter)
129	LS.9	EPS_DHP_96_03	0.022677792	DHP 96	LS.9 (g__Altererythrobacter)
130	GCF_000381125.1	EPS_EKL_96_01	0.708927255	EKL 96	GCF_000381125.1 (s__Caldimonas)
131	LS.5	EPS_EKL_96_01	0	EKL 96	LS.5 (g__CV81)
132	NO.1	EPS_EKL_96_01	0.668781133	EKL 96	NO.1 (g__Novosphingobium_A)
133	MB2.62	EPS_EKL_96_01	0.231567161	EKL 96	MB2.62 (f__Magnetospiraceae)
134	CO.1	EPS_EKL_96_01	0.21231205	EKL 96	CO.1 (g__Rubrivivax)
135	L.E.AP.42	EPS_EKL_96_01	0.052968952	EKL 96	L.E.AP.42 (g__UBA2250)
136	MB2.14	EPS_EKL_96_01	0.519939732	EKL 96	MB2.14 (g__Ga0077555)
137	L.E.AP.25	EPS_EKL_96_01	0.107079975	EKL 96	L.E.AP.25 (g__UBA3361)
138	GCA_002339725.1	EPS_EKL_96_01	0.080572324	EKL 96	GCA_002339725.1 (s__UBA3361)
139	MB2.52	EPS_EKL_96_01	0.672839058	EKL 96	MB2.52 (g__UBA3361)
140	MB2.71	EPS_EKL_96_01	0.164908186	EKL 96	MB2.71 (g__UBA3361)
141	L.E.AP.19	EPS_EKL_96_01	0.402806403	EKL 96	L.E.AP.19 (o__UBA1301)
142	MB2.245	EPS_EKL_96_01	0.168067763	EKL 96	MB2.245 (g__BOG-931)
143	MB2.141	EPS_EKL_96_01	0.048440651	EKL 96	MB2.141 (g__SG8-30)
144	MB2.174	EPS_EKL_96_01	0.098219254	EKL 96	MB2.174 (g__SM1-46)
145	MB2.298	EPS_EKL_96_01	0.00606175	EKL 96	MB2.298 (f__21-64-14)
146	L.E.AP.13	EPS_EKL_96_01	0.032366178	EKL 96	L.E.AP.13 (g__CV81)
147	L.E.AP.16	EPS_EKL_96_01	0.034685748	EKL 96	L.E.AP.16 (g__Rubrivivax)
148	MB2.155	EPS_EKL_96_01	0.020125052	EKL 96	MB2.155 (g__UBA3361)
149	MB2.147	EPS_EKL_96_01	0	EKL 96	MB2.147 (g__UBA7672)
150	L.E.AP.33	EPS_EKL_96_01	0.001744469	EKL 96	L.E.AP.33 (f__Hydrogenophilaceae)
151	MB2.234	EPS_EKL_96_01	0.056360692	EKL 96	MB2.234 (g__RBG-16-58-11)
152	MB2.319	EPS_EKL_96_01	0.037023442	EKL 96	MB2.319 (f__SG8-39)
153	MB2.191	EPS_EKL_96_01	0	EKL 96	MB2.191 (g__28-57-27)
154	MB2.220	EPS_EKL_96_01	0.026082887	EKL 96	MB2.220 (f__Hydrogenophilaceae)
155	L.E.AP.45	EPS_EKL_96_01	0.064244206	EKL 96	L.E.AP.45 (g__Pseudorhodoplanes)
156	MB2.232	EPS_EKL_96_01	0.047638792	EKL 96	MB2.232 (f__Burkholderiaceae)
157	MB2.211	EPS_EKL_96_01	0.39651242	EKL 96	MB2.211 (g__Thiobacillus)
158	MB2.224	EPS_EKL_96_01	0.040157112	EKL 96	MB2.224 (f__Dongiaceae)
159	MB2.8	EPS_EKL_96_01	0.327569406	EKL 96	MB2.8 (f__21-64-14)
160	MB2.316	EPS_EKL_96_01	0.054897171	EKL 96	MB2.316 (f__UBA7966)
161	MB2.253	EPS_EKL_96_01	0	EKL 96	MB2.253 (p__Proteobacteria)
162	MB2.231	EPS_EKL_96_01	0.148421356	EKL 96	MB2.231 (f__Geminicoccaceae)
163	MB2.86	EPS_EKL_96_01	0.218769351	EKL 96	MB2.86 (f__Geminicoccaceae)
164	L.E.AP.15	EPS_EKL_96_01	0.206428745	EKL 96	L.E.AP.15 (f__Parvularculaceae)
165	MB2.113	EPS_EKL_96_01	0.065490895	EKL 96	MB2.113 (f__Ga0077523)
166	L.E.AP.39	EPS_EKL_96_01	0	EKL 96	L.E.AP.39 (f__Hyphomonadaceae)
167	MB2.215	EPS_EKL_96_01	0.693889838	EKL 96	MB2.215 (o__Burkholderiales)
168	L.E.AP.14	EPS_EKL_96_01	0.12025137	EKL 96	L.E.AP.14 (f__UBA1301)
169	MB2.115	EPS_EKL_96_01	0.150157666	EKL 96	MB2.115 (o__Rhodospirillales_A)
170	AB.1	EPS_EKL_96_01	0.540143102	EKL 96	AB.1 (g__Altererythrobacter)
171	LS.6	EPS_EKL_96_01	1	EKL 96	LS.6 (g__Porphyrobacter)
172	LS.9	EPS_EKL_96_01	0.708735949	EKL 96	LS.9 (g__Altererythrobacter)
173	GCF_000381125.1	EPS_EKL_96_02	0.582495037	EKL 96	GCF_000381125.1 (s__Caldimonas)
174	LS.5	EPS_EKL_96_02	0	EKL 96	LS.5 (g__CV81)
175	NO.1	EPS_EKL_96_02	0.409600271	EKL 96	NO.1 (g__Novosphingobium_A)
176	MB2.62	EPS_EKL_96_02	0.412568811	EKL 96	MB2.62 (f__Magnetospiraceae)
177	CO.1	EPS_EKL_96_02	0.180345327	EKL 96	CO.1 (g__Rubrivivax)
178	L.E.AP.42	EPS_EKL_96_02	0.08949098	EKL 96	L.E.AP.42 (g__UBA2250)
179	MB2.14	EPS_EKL_96_02	0.305509434	EKL 96	MB2.14 (g__Ga0077555)
180	L.E.AP.25	EPS_EKL_96_02	0.13158077	EKL 96	L.E.AP.25 (g__UBA3361)
181	GCA_002339725.1	EPS_EKL_96_02	0.128567413	EKL 96	GCA_002339725.1 (s__UBA3361)
182	MB2.52	EPS_EKL_96_02	0.572099785	EKL 96	MB2.52 (g__UBA3361)
183	MB2.71	EPS_EKL_96_02	0.098859536	EKL 96	MB2.71 (g__UBA3361)
184	L.E.AP.19	EPS_EKL_96_02	0.206517498	EKL 96	L.E.AP.19 (o__UBA1301)
185	MB2.245	EPS_EKL_96_02	0.110092897	EKL 96	MB2.245 (g__BOG-931)
186	MB2.141	EPS_EKL_96_02	0.311836681	EKL 96	MB2.141 (g__SG8-30)
187	MB2.174	EPS_EKL_96_02	0.057293974	EKL 96	MB2.174 (g__SM1-46)
188	MB2.298	EPS_EKL_96_02	0.011887391	EKL 96	MB2.298 (f__21-64-14)
189	L.E.AP.13	EPS_EKL_96_02	0.054909117	EKL 96	L.E.AP.13 (g__CV81)
190	L.E.AP.16	EPS_EKL_96_02	0.076711294	EKL 96	L.E.AP.16 (g__Rubrivivax)
191	MB2.155	EPS_EKL_96_02	0	EKL 96	MB2.155 (g__UBA3361)
192	MB2.147	EPS_EKL_96_02	0.044642014	EKL 96	MB2.147 (g__UBA7672)
193	L.E.AP.33	EPS_EKL_96_02	0.103339643	EKL 96	L.E.AP.33 (f__Hydrogenophilaceae)
194	MB2.234	EPS_EKL_96_02	0.062701218	EKL 96	MB2.234 (g__RBG-16-58-11)
195	MB2.319	EPS_EKL_96_02	0.06178972	EKL 96	MB2.319 (f__SG8-39)
196	MB2.191	EPS_EKL_96_02	0.014177207	EKL 96	MB2.191 (g__28-57-27)
197	MB2.220	EPS_EKL_96_02	0.02943048	EKL 96	MB2.220 (f__Hydrogenophilaceae)
198	L.E.AP.45	EPS_EKL_96_02	0.023990883	EKL 96	L.E.AP.45 (g__Pseudorhodoplanes)
199	MB2.232	EPS_EKL_96_02	0.253259357	EKL 96	MB2.232 (f__Burkholderiaceae)
200	MB2.211	EPS_EKL_96_02	0.396001041	EKL 96	MB2.211 (g__Thiobacillus)
201	MB2.224	EPS_EKL_96_02	0.140453763	EKL 96	MB2.224 (f__Dongiaceae)
202	MB2.8	EPS_EKL_96_02	0.213432104	EKL 96	MB2.8 (f__21-64-14)
203	MB2.316	EPS_EKL_96_02	0.060445514	EKL 96	MB2.316 (f__UBA7966)
204	MB2.253	EPS_EKL_96_02	0.05823375	EKL 96	MB2.253 (p__Proteobacteria)
205	MB2.231	EPS_EKL_96_02	0.569336587	EKL 96	MB2.231 (f__Geminicoccaceae)
206	MB2.86	EPS_EKL_96_02	0.214146639	EKL 96	MB2.86 (f__Geminicoccaceae)
207	L.E.AP.15	EPS_EKL_96_02	0.438726287	EKL 96	L.E.AP.15 (f__Parvularculaceae)
208	MB2.113	EPS_EKL_96_02	0.159279284	EKL 96	MB2.113 (f__Ga0077523)
209	L.E.AP.39	EPS_EKL_96_02	0.092648754	EKL 96	L.E.AP.39 (f__Hyphomonadaceae)
210	MB2.215	EPS_EKL_96_02	0.598948347	EKL 96	MB2.215 (o__Burkholderiales)
211	L.E.AP.14	EPS_EKL_96_02	0.049056074	EKL 96	L.E.AP.14 (f__UBA1301)
212	MB2.115	EPS_EKL_96_02	0.079289316	EKL 96	MB2.115 (o__Rhodospirillales_A)
213	AB.1	EPS_EKL_96_02	0.940524883	EKL 96	AB.1 (g__Altererythrobacter)
214	LS.6	EPS_EKL_96_02	0.553167112	EKL 96	LS.6 (g__Porphyrobacter)
215	LS.9	EPS_EKL_96_02	0.763118557	EKL 96	LS.9 (g__Altererythrobacter)
216	GCF_000381125.1	EPS_EKL_96_03	0.753735332	EKL 96	GCF_000381125.1 (s__Caldimonas)
217	LS.5	EPS_EKL_96_03	0	EKL 96	LS.5 (g__CV81)
218	NO.1	EPS_EKL_96_03	0.33385798	EKL 96	NO.1 (g__Novosphingobium_A)
219	MB2.62	EPS_EKL_96_03	0.139972756	EKL 96	MB2.62 (f__Magnetospiraceae)
220	CO.1	EPS_EKL_96_03	0.117121792	EKL 96	CO.1 (g__Rubrivivax)
221	L.E.AP.42	EPS_EKL_96_03	0.084457515	EKL 96	L.E.AP.42 (g__UBA2250)
222	MB2.14	EPS_EKL_96_03	0.094442669	EKL 96	MB2.14 (g__Ga0077555)
223	L.E.AP.25	EPS_EKL_96_03	0.094074384	EKL 96	L.E.AP.25 (g__UBA3361)
224	GCA_002339725.1	EPS_EKL_96_03	0.05569111	EKL 96	GCA_002339725.1 (s__UBA3361)
225	MB2.52	EPS_EKL_96_03	0.158547056	EKL 96	MB2.52 (g__UBA3361)
226	MB2.71	EPS_EKL_96_03	0	EKL 96	MB2.71 (g__UBA3361)
227	L.E.AP.19	EPS_EKL_96_03	0.320555169	EKL 96	L.E.AP.19 (o__UBA1301)
228	MB2.245	EPS_EKL_96_03	0.014025342	EKL 96	MB2.245 (g__BOG-931)
229	MB2.141	EPS_EKL_96_03	0.192257151	EKL 96	MB2.141 (g__SG8-30)
230	MB2.174	EPS_EKL_96_03	0.055551524	EKL 96	MB2.174 (g__SM1-46)
231	MB2.298	EPS_EKL_96_03	0	EKL 96	MB2.298 (f__21-64-14)
232	L.E.AP.13	EPS_EKL_96_03	0.162154253	EKL 96	L.E.AP.13 (g__CV81)
233	L.E.AP.16	EPS_EKL_96_03	0.094884659	EKL 96	L.E.AP.16 (g__Rubrivivax)
234	MB2.155	EPS_EKL_96_03	0.010195117	EKL 96	MB2.155 (g__UBA3361)
235	MB2.147	EPS_EKL_96_03	0.046495724	EKL 96	MB2.147 (g__UBA7672)
236	L.E.AP.33	EPS_EKL_96_03	0.027367312	EKL 96	L.E.AP.33 (f__Hydrogenophilaceae)
237	MB2.234	EPS_EKL_96_03	0.05412838	EKL 96	MB2.234 (g__RBG-16-58-11)
238	MB2.319	EPS_EKL_96_03	0	EKL 96	MB2.319 (f__SG8-39)
239	MB2.191	EPS_EKL_96_03	0.002076983	EKL 96	MB2.191 (g__28-57-27)
240	MB2.220	EPS_EKL_96_03	0.024672414	EKL 96	MB2.220 (f__Hydrogenophilaceae)
241	L.E.AP.45	EPS_EKL_96_03	0.048623046	EKL 96	L.E.AP.45 (g__Pseudorhodoplanes)
242	MB2.232	EPS_EKL_96_03	0.051432038	EKL 96	MB2.232 (f__Burkholderiaceae)
243	MB2.211	EPS_EKL_96_03	0.20348921	EKL 96	MB2.211 (g__Thiobacillus)
244	MB2.224	EPS_EKL_96_03	0.318775532	EKL 96	MB2.224 (f__Dongiaceae)
245	MB2.8	EPS_EKL_96_03	0.240436351	EKL 96	MB2.8 (f__21-64-14)
246	MB2.316	EPS_EKL_96_03	0.046594279	EKL 96	MB2.316 (f__UBA7966)
247	MB2.253	EPS_EKL_96_03	0.04260341	EKL 96	MB2.253 (p__Proteobacteria)
248	MB2.231	EPS_EKL_96_03	0.129675775	EKL 96	MB2.231 (f__Geminicoccaceae)
249	MB2.86	EPS_EKL_96_03	0.225791797	EKL 96	MB2.86 (f__Geminicoccaceae)
250	L.E.AP.15	EPS_EKL_96_03	0.171470673	EKL 96	L.E.AP.15 (f__Parvularculaceae)
251	MB2.113	EPS_EKL_96_03	0.062374745	EKL 96	MB2.113 (f__Ga0077523)
252	L.E.AP.39	EPS_EKL_96_03	0.040982386	EKL 96	L.E.AP.39 (f__Hyphomonadaceae)
253	MB2.215	EPS_EKL_96_03	0.495573114	EKL 96	MB2.215 (o__Burkholderiales)
254	L.E.AP.14	EPS_EKL_96_03	0.141635154	EKL 96	L.E.AP.14 (f__UBA1301)
255	MB2.115	EPS_EKL_96_03	0.117120974	EKL 96	MB2.115 (o__Rhodospirillales_A)
256	AB.1	EPS_EKL_96_03	0.624426211	EKL 96	AB.1 (g__Altererythrobacter)
257	LS.6	EPS_EKL_96_03	0.077888398	EKL 96	LS.6 (g__Porphyrobacter)
258	LS.9	EPS_EKL_96_03	1	EKL 96	LS.9 (g__Altererythrobacter)
388	GCF_000381125.1	EPS_EMWL_48_01	0.31546458	EMWL 48	GCF_000381125.1 (s__Caldimonas)
389	LS.5	EPS_EMWL_48_01	0	EMWL 48	LS.5 (g__CV81)
390	NO.1	EPS_EMWL_48_01	0.045793206	EMWL 48	NO.1 (g__Novosphingobium_A)
391	MB2.62	EPS_EMWL_48_01	0.452541343	EMWL 48	MB2.62 (f__Magnetospiraceae)
392	CO.1	EPS_EMWL_48_01	0.064311038	EMWL 48	CO.1 (g__Rubrivivax)
393	L.E.AP.42	EPS_EMWL_48_01	0.099709272	EMWL 48	L.E.AP.42 (g__UBA2250)
394	MB2.14	EPS_EMWL_48_01	0.082130474	EMWL 48	MB2.14 (g__Ga0077555)
395	L.E.AP.25	EPS_EMWL_48_01	0.137568293	EMWL 48	L.E.AP.25 (g__UBA3361)
396	GCA_002339725.1	EPS_EMWL_48_01	0.156646944	EMWL 48	GCA_002339725.1 (s__UBA3361)
397	MB2.52	EPS_EMWL_48_01	0.3365394	EMWL 48	MB2.52 (g__UBA3361)
398	MB2.71	EPS_EMWL_48_01	0.182497684	EMWL 48	MB2.71 (g__UBA3361)
399	L.E.AP.19	EPS_EMWL_48_01	0.282859985	EMWL 48	L.E.AP.19 (o__UBA1301)
400	MB2.245	EPS_EMWL_48_01	0.077867794	EMWL 48	MB2.245 (g__BOG-931)
401	MB2.141	EPS_EMWL_48_01	0.015527824	EMWL 48	MB2.141 (g__SG8-30)
402	MB2.174	EPS_EMWL_48_01	0.373349918	EMWL 48	MB2.174 (g__SM1-46)
403	MB2.298	EPS_EMWL_48_01	0.076110275	EMWL 48	MB2.298 (f__21-64-14)
404	L.E.AP.13	EPS_EMWL_48_01	0.107633469	EMWL 48	L.E.AP.13 (g__CV81)
405	L.E.AP.16	EPS_EMWL_48_01	0.334340219	EMWL 48	L.E.AP.16 (g__Rubrivivax)
406	MB2.155	EPS_EMWL_48_01	0.124175423	EMWL 48	MB2.155 (g__UBA3361)
407	MB2.147	EPS_EMWL_48_01	0	EMWL 48	MB2.147 (g__UBA7672)
408	L.E.AP.33	EPS_EMWL_48_01	0.187041825	EMWL 48	L.E.AP.33 (f__Hydrogenophilaceae)
409	MB2.234	EPS_EMWL_48_01	0.427879473	EMWL 48	MB2.234 (g__RBG-16-58-11)
410	MB2.319	EPS_EMWL_48_01	0.229178197	EMWL 48	MB2.319 (f__SG8-39)
411	MB2.191	EPS_EMWL_48_01	0.078998711	EMWL 48	MB2.191 (g__28-57-27)
412	MB2.220	EPS_EMWL_48_01	0.139256362	EMWL 48	MB2.220 (f__Hydrogenophilaceae)
413	L.E.AP.45	EPS_EMWL_48_01	0.133542609	EMWL 48	L.E.AP.45 (g__Pseudorhodoplanes)
414	MB2.232	EPS_EMWL_48_01	0.868037092	EMWL 48	MB2.232 (f__Burkholderiaceae)
415	MB2.211	EPS_EMWL_48_01	0.606842941	EMWL 48	MB2.211 (g__Thiobacillus)
416	MB2.224	EPS_EMWL_48_01	0.268178122	EMWL 48	MB2.224 (f__Dongiaceae)
417	MB2.8	EPS_EMWL_48_01	0.612412552	EMWL 48	MB2.8 (f__21-64-14)
418	MB2.316	EPS_EMWL_48_01	0.294386459	EMWL 48	MB2.316 (f__UBA7966)
419	MB2.253	EPS_EMWL_48_01	0.168469737	EMWL 48	MB2.253 (p__Proteobacteria)
420	MB2.231	EPS_EMWL_48_01	1	EMWL 48	MB2.231 (f__Geminicoccaceae)
421	MB2.86	EPS_EMWL_48_01	0.382154089	EMWL 48	MB2.86 (f__Geminicoccaceae)
422	L.E.AP.15	EPS_EMWL_48_01	0.506273074	EMWL 48	L.E.AP.15 (f__Parvularculaceae)
423	MB2.113	EPS_EMWL_48_01	0.756607038	EMWL 48	MB2.113 (f__Ga0077523)
424	L.E.AP.39	EPS_EMWL_48_01	0.317197342	EMWL 48	L.E.AP.39 (f__Hyphomonadaceae)
425	MB2.215	EPS_EMWL_48_01	0.067401646	EMWL 48	MB2.215 (o__Burkholderiales)
426	L.E.AP.14	EPS_EMWL_48_01	1	EMWL 48	L.E.AP.14 (f__UBA1301)
427	MB2.115	EPS_EMWL_48_01	0.418944977	EMWL 48	MB2.115 (o__Rhodospirillales_A)
428	AB.1	EPS_EMWL_48_01	0.480449712	EMWL 48	AB.1 (g__Altererythrobacter)
429	LS.6	EPS_EMWL_48_01	0.24663369	EMWL 48	LS.6 (g__Porphyrobacter)
430	LS.9	EPS_EMWL_48_01	0.124122816	EMWL 48	LS.9 (g__Altererythrobacter)
431	GCF_000381125.1	EPS_EMWL_48_02	0.44962294	EMWL 48	GCF_000381125.1 (s__Caldimonas)
432	LS.5	EPS_EMWL_48_02	0	EMWL 48	LS.5 (g__CV81)
433	NO.1	EPS_EMWL_48_02	0.062337503	EMWL 48	NO.1 (g__Novosphingobium_A)
434	MB2.62	EPS_EMWL_48_02	0.242413714	EMWL 48	MB2.62 (f__Magnetospiraceae)
435	CO.1	EPS_EMWL_48_02	0.077401352	EMWL 48	CO.1 (g__Rubrivivax)
436	L.E.AP.42	EPS_EMWL_48_02	0.073528664	EMWL 48	L.E.AP.42 (g__UBA2250)
437	MB2.14	EPS_EMWL_48_02	0.013534215	EMWL 48	MB2.14 (g__Ga0077555)
438	L.E.AP.25	EPS_EMWL_48_02	0.133139971	EMWL 48	L.E.AP.25 (g__UBA3361)
439	GCA_002339725.1	EPS_EMWL_48_02	0.135761801	EMWL 48	GCA_002339725.1 (s__UBA3361)
440	MB2.52	EPS_EMWL_48_02	0.3160484	EMWL 48	MB2.52 (g__UBA3361)
441	MB2.71	EPS_EMWL_48_02	0.237065775	EMWL 48	MB2.71 (g__UBA3361)
442	L.E.AP.19	EPS_EMWL_48_02	0.510491007	EMWL 48	L.E.AP.19 (o__UBA1301)
443	MB2.245	EPS_EMWL_48_02	0.148993434	EMWL 48	MB2.245 (g__BOG-931)
444	MB2.141	EPS_EMWL_48_02	0.030040093	EMWL 48	MB2.141 (g__SG8-30)
445	MB2.174	EPS_EMWL_48_02	0.244493432	EMWL 48	MB2.174 (g__SM1-46)
446	MB2.298	EPS_EMWL_48_02	0.176691944	EMWL 48	MB2.298 (f__21-64-14)
447	L.E.AP.13	EPS_EMWL_48_02	0.241235492	EMWL 48	L.E.AP.13 (g__CV81)
448	L.E.AP.16	EPS_EMWL_48_02	0	EMWL 48	L.E.AP.16 (g__Rubrivivax)
449	MB2.155	EPS_EMWL_48_02	0.109862327	EMWL 48	MB2.155 (g__UBA3361)
450	MB2.147	EPS_EMWL_48_02	0	EMWL 48	MB2.147 (g__UBA7672)
451	L.E.AP.33	EPS_EMWL_48_02	0.1866834	EMWL 48	L.E.AP.33 (f__Hydrogenophilaceae)
452	MB2.234	EPS_EMWL_48_02	0.177843855	EMWL 48	MB2.234 (g__RBG-16-58-11)
453	MB2.319	EPS_EMWL_48_02	0.259894265	EMWL 48	MB2.319 (f__SG8-39)
454	MB2.191	EPS_EMWL_48_02	0.249671517	EMWL 48	MB2.191 (g__28-57-27)
455	MB2.220	EPS_EMWL_48_02	0.055378404	EMWL 48	MB2.220 (f__Hydrogenophilaceae)
456	L.E.AP.45	EPS_EMWL_48_02	0.054669997	EMWL 48	L.E.AP.45 (g__Pseudorhodoplanes)
457	MB2.232	EPS_EMWL_48_02	1	EMWL 48	MB2.232 (f__Burkholderiaceae)
458	MB2.211	EPS_EMWL_48_02	0.641744068	EMWL 48	MB2.211 (g__Thiobacillus)
459	MB2.224	EPS_EMWL_48_02	0.125579478	EMWL 48	MB2.224 (f__Dongiaceae)
460	MB2.8	EPS_EMWL_48_02	0.371887302	EMWL 48	MB2.8 (f__21-64-14)
461	MB2.316	EPS_EMWL_48_02	0.322317061	EMWL 48	MB2.316 (f__UBA7966)
462	MB2.253	EPS_EMWL_48_02	0.214498074	EMWL 48	MB2.253 (p__Proteobacteria)
463	MB2.231	EPS_EMWL_48_02	0.771314315	EMWL 48	MB2.231 (f__Geminicoccaceae)
464	MB2.86	EPS_EMWL_48_02	0.33559938	EMWL 48	MB2.86 (f__Geminicoccaceae)
465	L.E.AP.15	EPS_EMWL_48_02	0.543751142	EMWL 48	L.E.AP.15 (f__Parvularculaceae)
466	MB2.113	EPS_EMWL_48_02	0.487593585	EMWL 48	MB2.113 (f__Ga0077523)
467	L.E.AP.39	EPS_EMWL_48_02	0.457878342	EMWL 48	L.E.AP.39 (f__Hyphomonadaceae)
468	MB2.215	EPS_EMWL_48_02	0.133491406	EMWL 48	MB2.215 (o__Burkholderiales)
469	L.E.AP.14	EPS_EMWL_48_02	0.70758213	EMWL 48	L.E.AP.14 (f__UBA1301)
470	MB2.115	EPS_EMWL_48_02	0.456334823	EMWL 48	MB2.115 (o__Rhodospirillales_A)
471	AB.1	EPS_EMWL_48_02	0.784897781	EMWL 48	AB.1 (g__Altererythrobacter)
472	LS.6	EPS_EMWL_48_02	0.306417655	EMWL 48	LS.6 (g__Porphyrobacter)
473	LS.9	EPS_EMWL_48_02	0.20718171	EMWL 48	LS.9 (g__Altererythrobacter)
474	GCF_000381125.1	EPS_EMWL_48_03	0.314030388	EMWL 48	GCF_000381125.1 (s__Caldimonas)
475	LS.5	EPS_EMWL_48_03	0	EMWL 48	LS.5 (g__CV81)
476	NO.1	EPS_EMWL_48_03	0.134556904	EMWL 48	NO.1 (g__Novosphingobium_A)
477	MB2.62	EPS_EMWL_48_03	0.12105115	EMWL 48	MB2.62 (f__Magnetospiraceae)
478	CO.1	EPS_EMWL_48_03	0.075102847	EMWL 48	CO.1 (g__Rubrivivax)
479	L.E.AP.42	EPS_EMWL_48_03	0.094192094	EMWL 48	L.E.AP.42 (g__UBA2250)
480	MB2.14	EPS_EMWL_48_03	0.032048348	EMWL 48	MB2.14 (g__Ga0077555)
481	L.E.AP.25	EPS_EMWL_48_03	0	EMWL 48	L.E.AP.25 (g__UBA3361)
482	GCA_002339725.1	EPS_EMWL_48_03	0	EMWL 48	GCA_002339725.1 (s__UBA3361)
483	MB2.52	EPS_EMWL_48_03	0	EMWL 48	MB2.52 (g__UBA3361)
484	MB2.71	EPS_EMWL_48_03	0.203002222	EMWL 48	MB2.71 (g__UBA3361)
485	L.E.AP.19	EPS_EMWL_48_03	0.092389053	EMWL 48	L.E.AP.19 (o__UBA1301)
486	MB2.245	EPS_EMWL_48_03	0.193643342	EMWL 48	MB2.245 (g__BOG-931)
487	MB2.141	EPS_EMWL_48_03	0	EMWL 48	MB2.141 (g__SG8-30)
488	MB2.174	EPS_EMWL_48_03	0.548693643	EMWL 48	MB2.174 (g__SM1-46)
489	MB2.298	EPS_EMWL_48_03	0.502342552	EMWL 48	MB2.298 (f__21-64-14)
490	L.E.AP.13	EPS_EMWL_48_03	0.186711243	EMWL 48	L.E.AP.13 (g__CV81)
491	L.E.AP.16	EPS_EMWL_48_03	0.304241002	EMWL 48	L.E.AP.16 (g__Rubrivivax)
492	MB2.155	EPS_EMWL_48_03	0.209419652	EMWL 48	MB2.155 (g__UBA3361)
493	MB2.147	EPS_EMWL_48_03	0	EMWL 48	MB2.147 (g__UBA7672)
494	L.E.AP.33	EPS_EMWL_48_03	0.218104085	EMWL 48	L.E.AP.33 (f__Hydrogenophilaceae)
495	MB2.234	EPS_EMWL_48_03	0.4665754	EMWL 48	MB2.234 (g__RBG-16-58-11)
496	MB2.319	EPS_EMWL_48_03	0.50222977	EMWL 48	MB2.319 (f__SG8-39)
497	MB2.191	EPS_EMWL_48_03	0.131127936	EMWL 48	MB2.191 (g__28-57-27)
498	MB2.220	EPS_EMWL_48_03	0.125100989	EMWL 48	MB2.220 (f__Hydrogenophilaceae)
499	L.E.AP.45	EPS_EMWL_48_03	0.077107129	EMWL 48	L.E.AP.45 (g__Pseudorhodoplanes)
500	MB2.232	EPS_EMWL_48_03	0.647005124	EMWL 48	MB2.232 (f__Burkholderiaceae)
501	MB2.211	EPS_EMWL_48_03	0.451058595	EMWL 48	MB2.211 (g__Thiobacillus)
502	MB2.224	EPS_EMWL_48_03	0.046233739	EMWL 48	MB2.224 (f__Dongiaceae)
503	MB2.8	EPS_EMWL_48_03	0.45201407	EMWL 48	MB2.8 (f__21-64-14)
504	MB2.316	EPS_EMWL_48_03	0.337465719	EMWL 48	MB2.316 (f__UBA7966)
505	MB2.253	EPS_EMWL_48_03	0.165906461	EMWL 48	MB2.253 (p__Proteobacteria)
506	MB2.231	EPS_EMWL_48_03	0.64101939	EMWL 48	MB2.231 (f__Geminicoccaceae)
507	MB2.86	EPS_EMWL_48_03	0.302658677	EMWL 48	MB2.86 (f__Geminicoccaceae)
508	L.E.AP.15	EPS_EMWL_48_03	0.573206745	EMWL 48	L.E.AP.15 (f__Parvularculaceae)
509	MB2.113	EPS_EMWL_48_03	0.522447295	EMWL 48	MB2.113 (f__Ga0077523)
510	L.E.AP.39	EPS_EMWL_48_03	0.859768322	EMWL 48	L.E.AP.39 (f__Hyphomonadaceae)
511	MB2.215	EPS_EMWL_48_03	0.211841198	EMWL 48	MB2.215 (o__Burkholderiales)
512	L.E.AP.14	EPS_EMWL_48_03	0	EMWL 48	L.E.AP.14 (f__UBA1301)
513	MB2.115	EPS_EMWL_48_03	1	EMWL 48	MB2.115 (o__Rhodospirillales_A)
514	AB.1	EPS_EMWL_48_03	0.117537081	EMWL 48	AB.1 (g__Altererythrobacter)
515	LS.6	EPS_EMWL_48_03	0	EMWL 48	LS.6 (g__Porphyrobacter)
516	LS.9	EPS_EMWL_48_03	0.154996519	EMWL 48	LS.9 (g__Altererythrobacter)
646	GCF_000381125.1	EPS_NC_96_01	0.130662206	NC 96	GCF_000381125.1 (s__Caldimonas)
647	LS.5	EPS_NC_96_01	0	NC 96	LS.5 (g__CV81)
648	NO.1	EPS_NC_96_01	0.006368237	NC 96	NO.1 (g__Novosphingobium_A)
649	MB2.62	EPS_NC_96_01	0.033059278	NC 96	MB2.62 (f__Magnetospiraceae)
650	CO.1	EPS_NC_96_01	0.047880847	NC 96	CO.1 (g__Rubrivivax)
651	L.E.AP.42	EPS_NC_96_01	0.117642247	NC 96	L.E.AP.42 (g__UBA2250)
652	MB2.14	EPS_NC_96_01	0.131353304	NC 96	MB2.14 (g__Ga0077555)
653	L.E.AP.25	EPS_NC_96_01	0.374084722	NC 96	L.E.AP.25 (g__UBA3361)
654	GCA_002339725.1	EPS_NC_96_01	0.387033745	NC 96	GCA_002339725.1 (s__UBA3361)
655	MB2.52	EPS_NC_96_01	0.494270861	NC 96	MB2.52 (g__UBA3361)
656	MB2.71	EPS_NC_96_01	0.256044359	NC 96	MB2.71 (g__UBA3361)
657	L.E.AP.19	EPS_NC_96_01	0.064206704	NC 96	L.E.AP.19 (o__UBA1301)
658	MB2.245	EPS_NC_96_01	0.13244873	NC 96	MB2.245 (g__BOG-931)
659	MB2.141	EPS_NC_96_01	0.454615589	NC 96	MB2.141 (g__SG8-30)
660	MB2.174	EPS_NC_96_01	0.187937114	NC 96	MB2.174 (g__SM1-46)
661	MB2.298	EPS_NC_96_01	0.246028541	NC 96	MB2.298 (f__21-64-14)
662	L.E.AP.13	EPS_NC_96_01	0.495932512	NC 96	L.E.AP.13 (g__CV81)
663	L.E.AP.16	EPS_NC_96_01	0.235093996	NC 96	L.E.AP.16 (g__Rubrivivax)
664	MB2.155	EPS_NC_96_01	0.216084612	NC 96	MB2.155 (g__UBA3361)
665	MB2.147	EPS_NC_96_01	0.153260833	NC 96	MB2.147 (g__UBA7672)
666	L.E.AP.33	EPS_NC_96_01	1	NC 96	L.E.AP.33 (f__Hydrogenophilaceae)
667	MB2.234	EPS_NC_96_01	1	NC 96	MB2.234 (g__RBG-16-58-11)
668	MB2.319	EPS_NC_96_01	1	NC 96	MB2.319 (f__SG8-39)
669	MB2.191	EPS_NC_96_01	1	NC 96	MB2.191 (g__28-57-27)
670	MB2.220	EPS_NC_96_01	1	NC 96	MB2.220 (f__Hydrogenophilaceae)
671	L.E.AP.45	EPS_NC_96_01	0.64613752	NC 96	L.E.AP.45 (g__Pseudorhodoplanes)
672	MB2.232	EPS_NC_96_01	0.381670488	NC 96	MB2.232 (f__Burkholderiaceae)
673	MB2.211	EPS_NC_96_01	0.59375772	NC 96	MB2.211 (g__Thiobacillus)
674	MB2.224	EPS_NC_96_01	0.083006958	NC 96	MB2.224 (f__Dongiaceae)
675	MB2.8	EPS_NC_96_01	1	NC 96	MB2.8 (f__21-64-14)
676	MB2.316	EPS_NC_96_01	0.733029435	NC 96	MB2.316 (f__UBA7966)
677	MB2.253	EPS_NC_96_01	1	NC 96	MB2.253 (p__Proteobacteria)
678	MB2.231	EPS_NC_96_01	0.15079588	NC 96	MB2.231 (f__Geminicoccaceae)
679	MB2.86	EPS_NC_96_01	0.949235207	NC 96	MB2.86 (f__Geminicoccaceae)
680	L.E.AP.15	EPS_NC_96_01	0.9523218	NC 96	L.E.AP.15 (f__Parvularculaceae)
681	MB2.113	EPS_NC_96_01	0.416650929	NC 96	MB2.113 (f__Ga0077523)
682	L.E.AP.39	EPS_NC_96_01	0.375050284	NC 96	L.E.AP.39 (f__Hyphomonadaceae)
683	MB2.215	EPS_NC_96_01	0.281025247	NC 96	MB2.215 (o__Burkholderiales)
684	L.E.AP.14	EPS_NC_96_01	0.277767696	NC 96	L.E.AP.14 (f__UBA1301)
685	MB2.115	EPS_NC_96_01	0.191514618	NC 96	MB2.115 (o__Rhodospirillales_A)
686	AB.1	EPS_NC_96_01	0.189303082	NC 96	AB.1 (g__Altererythrobacter)
687	LS.6	EPS_NC_96_01	0.198136684	NC 96	LS.6 (g__Porphyrobacter)
688	LS.9	EPS_NC_96_01	0.42156	NC 96	LS.9 (g__Altererythrobacter)
689	GCF_000381125.1	EPS_NC_96_02	0	NC 96	GCF_000381125.1 (s__Caldimonas)
690	LS.5	EPS_NC_96_02	0	NC 96	LS.5 (g__CV81)
691	NO.1	EPS_NC_96_02	0.002767757	NC 96	NO.1 (g__Novosphingobium_A)
692	MB2.62	EPS_NC_96_02	0.094613077	NC 96	MB2.62 (f__Magnetospiraceae)
693	CO.1	EPS_NC_96_02	0.045255931	NC 96	CO.1 (g__Rubrivivax)
694	L.E.AP.42	EPS_NC_96_02	0.091179361	NC 96	L.E.AP.42 (g__UBA2250)
695	MB2.14	EPS_NC_96_02	0.077989775	NC 96	MB2.14 (g__Ga0077555)
696	L.E.AP.25	EPS_NC_96_02	0.145783167	NC 96	L.E.AP.25 (g__UBA3361)
697	GCA_002339725.1	EPS_NC_96_02	0.31014437	NC 96	GCA_002339725.1 (s__UBA3361)
698	MB2.52	EPS_NC_96_02	0.304930249	NC 96	MB2.52 (g__UBA3361)
699	MB2.71	EPS_NC_96_02	0.388986151	NC 96	MB2.71 (g__UBA3361)
700	L.E.AP.19	EPS_NC_96_02	0.475076239	NC 96	L.E.AP.19 (o__UBA1301)
701	MB2.245	EPS_NC_96_02	0.189642952	NC 96	MB2.245 (g__BOG-931)
702	MB2.141	EPS_NC_96_02	0.262430544	NC 96	MB2.141 (g__SG8-30)
703	MB2.174	EPS_NC_96_02	0.503835476	NC 96	MB2.174 (g__SM1-46)
704	MB2.298	EPS_NC_96_02	0.239698848	NC 96	MB2.298 (f__21-64-14)
705	L.E.AP.13	EPS_NC_96_02	0.029190295	NC 96	L.E.AP.13 (g__CV81)
706	L.E.AP.16	EPS_NC_96_02	0.289867542	NC 96	L.E.AP.16 (g__Rubrivivax)
707	MB2.155	EPS_NC_96_02	1	NC 96	MB2.155 (g__UBA3361)
708	MB2.147	EPS_NC_96_02	0.614445485	NC 96	MB2.147 (g__UBA7672)
709	L.E.AP.33	EPS_NC_96_02	0.418349998	NC 96	L.E.AP.33 (f__Hydrogenophilaceae)
710	MB2.234	EPS_NC_96_02	0.872894786	NC 96	MB2.234 (g__RBG-16-58-11)
711	MB2.319	EPS_NC_96_02	0.049758853	NC 96	MB2.319 (f__SG8-39)
712	MB2.191	EPS_NC_96_02	0.917649361	NC 96	MB2.191 (g__28-57-27)
713	MB2.220	EPS_NC_96_02	0.346301374	NC 96	MB2.220 (f__Hydrogenophilaceae)
714	L.E.AP.45	EPS_NC_96_02	0.260124544	NC 96	L.E.AP.45 (g__Pseudorhodoplanes)
715	MB2.232	EPS_NC_96_02	0.81862454	NC 96	MB2.232 (f__Burkholderiaceae)
716	MB2.211	EPS_NC_96_02	1	NC 96	MB2.211 (g__Thiobacillus)
717	MB2.224	EPS_NC_96_02	0.054712543	NC 96	MB2.224 (f__Dongiaceae)
718	MB2.8	EPS_NC_96_02	0.21828025	NC 96	MB2.8 (f__21-64-14)
719	MB2.316	EPS_NC_96_02	0.646897059	NC 96	MB2.316 (f__UBA7966)
720	MB2.253	EPS_NC_96_02	0.678574234	NC 96	MB2.253 (p__Proteobacteria)
721	MB2.231	EPS_NC_96_02	0.433299379	NC 96	MB2.231 (f__Geminicoccaceae)
722	MB2.86	EPS_NC_96_02	1	NC 96	MB2.86 (f__Geminicoccaceae)
723	L.E.AP.15	EPS_NC_96_02	1	NC 96	L.E.AP.15 (f__Parvularculaceae)
724	MB2.113	EPS_NC_96_02	1	NC 96	MB2.113 (f__Ga0077523)
725	L.E.AP.39	EPS_NC_96_02	0.64858802	NC 96	L.E.AP.39 (f__Hyphomonadaceae)
726	MB2.215	EPS_NC_96_02	0.107279115	NC 96	MB2.215 (o__Burkholderiales)
727	L.E.AP.14	EPS_NC_96_02	0.009921702	NC 96	L.E.AP.14 (f__UBA1301)
728	MB2.115	EPS_NC_96_02	0.008341725	NC 96	MB2.115 (o__Rhodospirillales_A)
729	AB.1	EPS_NC_96_02	0.147937087	NC 96	AB.1 (g__Altererythrobacter)
730	LS.6	EPS_NC_96_02	0.148646412	NC 96	LS.6 (g__Porphyrobacter)
731	LS.9	EPS_NC_96_02	0.000449066	NC 96	LS.9 (g__Altererythrobacter)
732	GCF_000381125.1	EPS_NC_96_03	0.097564995	NC 96	GCF_000381125.1 (s__Caldimonas)
733	LS.5	EPS_NC_96_03	0	NC 96	LS.5 (g__CV81)
734	NO.1	EPS_NC_96_03	0.013423949	NC 96	NO.1 (g__Novosphingobium_A)
735	MB2.62	EPS_NC_96_03	0.112623405	NC 96	MB2.62 (f__Magnetospiraceae)
736	CO.1	EPS_NC_96_03	0.034349368	NC 96	CO.1 (g__Rubrivivax)
737	L.E.AP.42	EPS_NC_96_03	0.237476257	NC 96	L.E.AP.42 (g__UBA2250)
738	MB2.14	EPS_NC_96_03	0.174716295	NC 96	MB2.14 (g__Ga0077555)
739	L.E.AP.25	EPS_NC_96_03	0.193620088	NC 96	L.E.AP.25 (g__UBA3361)
740	GCA_002339725.1	EPS_NC_96_03	0.24055376	NC 96	GCA_002339725.1 (s__UBA3361)
741	MB2.52	EPS_NC_96_03	0.340638454	NC 96	MB2.52 (g__UBA3361)
742	MB2.71	EPS_NC_96_03	0.25367031	NC 96	MB2.71 (g__UBA3361)
743	L.E.AP.19	EPS_NC_96_03	0.148585308	NC 96	L.E.AP.19 (o__UBA1301)
744	MB2.245	EPS_NC_96_03	0.676549321	NC 96	MB2.245 (g__BOG-931)
745	MB2.141	EPS_NC_96_03	0.482806546	NC 96	MB2.141 (g__SG8-30)
746	MB2.174	EPS_NC_96_03	0.125315494	NC 96	MB2.174 (g__SM1-46)
747	MB2.298	EPS_NC_96_03	0.013303703	NC 96	MB2.298 (f__21-64-14)
748	L.E.AP.13	EPS_NC_96_03	0.272967339	NC 96	L.E.AP.13 (g__CV81)
749	L.E.AP.16	EPS_NC_96_03	0.846122951	NC 96	L.E.AP.16 (g__Rubrivivax)
750	MB2.155	EPS_NC_96_03	0.566573244	NC 96	MB2.155 (g__UBA3361)
751	MB2.147	EPS_NC_96_03	0.192137566	NC 96	MB2.147 (g__UBA7672)
752	L.E.AP.33	EPS_NC_96_03	0.65069335	NC 96	L.E.AP.33 (f__Hydrogenophilaceae)
753	MB2.234	EPS_NC_96_03	0.498281612	NC 96	MB2.234 (g__RBG-16-58-11)
754	MB2.319	EPS_NC_96_03	0.872247082	NC 96	MB2.319 (f__SG8-39)
755	MB2.191	EPS_NC_96_03	0.686836155	NC 96	MB2.191 (g__28-57-27)
756	MB2.220	EPS_NC_96_03	0.759452784	NC 96	MB2.220 (f__Hydrogenophilaceae)
757	L.E.AP.45	EPS_NC_96_03	1	NC 96	L.E.AP.45 (g__Pseudorhodoplanes)
758	MB2.232	EPS_NC_96_03	0.066328166	NC 96	MB2.232 (f__Burkholderiaceae)
759	MB2.211	EPS_NC_96_03	0.431050393	NC 96	MB2.211 (g__Thiobacillus)
760	MB2.224	EPS_NC_96_03	0.227954511	NC 96	MB2.224 (f__Dongiaceae)
761	MB2.8	EPS_NC_96_03	0.242246344	NC 96	MB2.8 (f__21-64-14)
762	MB2.316	EPS_NC_96_03	0.506628216	NC 96	MB2.316 (f__UBA7966)
763	MB2.253	EPS_NC_96_03	0.092681799	NC 96	MB2.253 (p__Proteobacteria)
764	MB2.231	EPS_NC_96_03	0.631226641	NC 96	MB2.231 (f__Geminicoccaceae)
765	MB2.86	EPS_NC_96_03	0.952707863	NC 96	MB2.86 (f__Geminicoccaceae)
766	L.E.AP.15	EPS_NC_96_03	0.897842275	NC 96	L.E.AP.15 (f__Parvularculaceae)
767	MB2.113	EPS_NC_96_03	0.686829369	NC 96	MB2.113 (f__Ga0077523)
768	L.E.AP.39	EPS_NC_96_03	0.601070179	NC 96	L.E.AP.39 (f__Hyphomonadaceae)
769	MB2.215	EPS_NC_96_03	0.236293692	NC 96	MB2.215 (o__Burkholderiales)
770	L.E.AP.14	EPS_NC_96_03	0.029278205	NC 96	L.E.AP.14 (f__UBA1301)
771	MB2.115	EPS_NC_96_03	0	NC 96	MB2.115 (o__Rhodospirillales_A)
772	AB.1	EPS_NC_96_03	0.100557257	NC 96	AB.1 (g__Altererythrobacter)
773	LS.6	EPS_NC_96_03	0.078154621	NC 96	LS.6 (g__Porphyrobacter)
774	LS.9	EPS_NC_96_03	0.000474411	NC 96	LS.9 (g__Altererythrobacter)
775	GCF_000381125.1	EPS_VAN_24_01	1	VAN 24	GCF_000381125.1 (s__Caldimonas)
776	LS.5	EPS_VAN_24_01	0	VAN 24	LS.5 (g__CV81)
777	NO.1	EPS_VAN_24_01	0	VAN 24	NO.1 (g__Novosphingobium_A)
778	MB2.62	EPS_VAN_24_01	0.192485684	VAN 24	MB2.62 (f__Magnetospiraceae)
779	CO.1	EPS_VAN_24_01	0.46469834	VAN 24	CO.1 (g__Rubrivivax)
780	L.E.AP.42	EPS_VAN_24_01	0.008506293	VAN 24	L.E.AP.42 (g__UBA2250)
781	MB2.14	EPS_VAN_24_01	0	VAN 24	MB2.14 (g__Ga0077555)
782	L.E.AP.25	EPS_VAN_24_01	0.066183837	VAN 24	L.E.AP.25 (g__UBA3361)
783	GCA_002339725.1	EPS_VAN_24_01	0.198792479	VAN 24	GCA_002339725.1 (s__UBA3361)
784	MB2.52	EPS_VAN_24_01	0.171909892	VAN 24	MB2.52 (g__UBA3361)
785	MB2.71	EPS_VAN_24_01	0.063485132	VAN 24	MB2.71 (g__UBA3361)
786	L.E.AP.19	EPS_VAN_24_01	0	VAN 24	L.E.AP.19 (o__UBA1301)
787	MB2.245	EPS_VAN_24_01	0	VAN 24	MB2.245 (g__BOG-931)
788	MB2.141	EPS_VAN_24_01	0.055354175	VAN 24	MB2.141 (g__SG8-30)
789	MB2.174	EPS_VAN_24_01	0.066429183	VAN 24	MB2.174 (g__SM1-46)
790	MB2.298	EPS_VAN_24_01	0.48034959	VAN 24	MB2.298 (f__21-64-14)
791	L.E.AP.13	EPS_VAN_24_01	0.015019039	VAN 24	L.E.AP.13 (g__CV81)
792	L.E.AP.16	EPS_VAN_24_01	0.384523905	VAN 24	L.E.AP.16 (g__Rubrivivax)
793	MB2.155	EPS_VAN_24_01	0.076527709	VAN 24	MB2.155 (g__UBA3361)
794	MB2.147	EPS_VAN_24_01	0.057363451	VAN 24	MB2.147 (g__UBA7672)
795	L.E.AP.33	EPS_VAN_24_01	0.275115518	VAN 24	L.E.AP.33 (f__Hydrogenophilaceae)
796	MB2.234	EPS_VAN_24_01	0	VAN 24	MB2.234 (g__RBG-16-58-11)
797	MB2.319	EPS_VAN_24_01	0.000589226	VAN 24	MB2.319 (f__SG8-39)
798	MB2.191	EPS_VAN_24_01	0.184943481	VAN 24	MB2.191 (g__28-57-27)
799	MB2.220	EPS_VAN_24_01	0.007652502	VAN 24	MB2.220 (f__Hydrogenophilaceae)
800	L.E.AP.45	EPS_VAN_24_01	0.09110748	VAN 24	L.E.AP.45 (g__Pseudorhodoplanes)
801	MB2.232	EPS_VAN_24_01	0	VAN 24	MB2.232 (f__Burkholderiaceae)
802	MB2.211	EPS_VAN_24_01	0.054611405	VAN 24	MB2.211 (g__Thiobacillus)
803	MB2.224	EPS_VAN_24_01	0.005741543	VAN 24	MB2.224 (f__Dongiaceae)
804	MB2.8	EPS_VAN_24_01	0	VAN 24	MB2.8 (f__21-64-14)
805	MB2.316	EPS_VAN_24_01	0.047444928	VAN 24	MB2.316 (f__UBA7966)
806	MB2.253	EPS_VAN_24_01	0.056783547	VAN 24	MB2.253 (p__Proteobacteria)
807	MB2.231	EPS_VAN_24_01	0.007481017	VAN 24	MB2.231 (f__Geminicoccaceae)
808	MB2.86	EPS_VAN_24_01	0	VAN 24	MB2.86 (f__Geminicoccaceae)
809	L.E.AP.15	EPS_VAN_24_01	0.02337327	VAN 24	L.E.AP.15 (f__Parvularculaceae)
810	MB2.113	EPS_VAN_24_01	0	VAN 24	MB2.113 (f__Ga0077523)
811	L.E.AP.39	EPS_VAN_24_01	0.026586657	VAN 24	L.E.AP.39 (f__Hyphomonadaceae)
812	MB2.215	EPS_VAN_24_01	0	VAN 24	MB2.215 (o__Burkholderiales)
813	L.E.AP.14	EPS_VAN_24_01	0	VAN 24	L.E.AP.14 (f__UBA1301)
814	MB2.115	EPS_VAN_24_01	0	VAN 24	MB2.115 (o__Rhodospirillales_A)
815	AB.1	EPS_VAN_24_01	0.001698042	VAN 24	AB.1 (g__Altererythrobacter)
816	LS.6	EPS_VAN_24_01	0.095852889	VAN 24	LS.6 (g__Porphyrobacter)
817	LS.9	EPS_VAN_24_01	0.000414349	VAN 24	LS.9 (g__Altererythrobacter)
818	GCF_000381125.1	EPS_VAN_24_02	0.849208575	VAN 24	GCF_000381125.1 (s__Caldimonas)
819	LS.5	EPS_VAN_24_02	0	VAN 24	LS.5 (g__CV81)
820	NO.1	EPS_VAN_24_02	0.000585832	VAN 24	NO.1 (g__Novosphingobium_A)
821	MB2.62	EPS_VAN_24_02	0.187803714	VAN 24	MB2.62 (f__Magnetospiraceae)
822	CO.1	EPS_VAN_24_02	0.500524253	VAN 24	CO.1 (g__Rubrivivax)
823	L.E.AP.42	EPS_VAN_24_02	0.014280463	VAN 24	L.E.AP.42 (g__UBA2250)
824	MB2.14	EPS_VAN_24_02	0.020702586	VAN 24	MB2.14 (g__Ga0077555)
825	L.E.AP.25	EPS_VAN_24_02	0.050422064	VAN 24	L.E.AP.25 (g__UBA3361)
826	GCA_002339725.1	EPS_VAN_24_02	0.127843739	VAN 24	GCA_002339725.1 (s__UBA3361)
827	MB2.52	EPS_VAN_24_02	0.468028619	VAN 24	MB2.52 (g__UBA3361)
828	MB2.71	EPS_VAN_24_02	0.091047541	VAN 24	MB2.71 (g__UBA3361)
829	L.E.AP.19	EPS_VAN_24_02	0.116453776	VAN 24	L.E.AP.19 (o__UBA1301)
830	MB2.245	EPS_VAN_24_02	0.174854333	VAN 24	MB2.245 (g__BOG-931)
831	MB2.141	EPS_VAN_24_02	0.500191345	VAN 24	MB2.141 (g__SG8-30)
832	MB2.174	EPS_VAN_24_02	0.041225578	VAN 24	MB2.174 (g__SM1-46)
833	MB2.298	EPS_VAN_24_02	0.616143429	VAN 24	MB2.298 (f__21-64-14)
834	L.E.AP.13	EPS_VAN_24_02	0.023716761	VAN 24	L.E.AP.13 (g__CV81)
835	L.E.AP.16	EPS_VAN_24_02	1	VAN 24	L.E.AP.16 (g__Rubrivivax)
836	MB2.155	EPS_VAN_24_02	0.102148478	VAN 24	MB2.155 (g__UBA3361)
837	MB2.147	EPS_VAN_24_02	0	VAN 24	MB2.147 (g__UBA7672)
838	L.E.AP.33	EPS_VAN_24_02	0.553656927	VAN 24	L.E.AP.33 (f__Hydrogenophilaceae)
839	MB2.234	EPS_VAN_24_02	0.025546208	VAN 24	MB2.234 (g__RBG-16-58-11)
840	MB2.319	EPS_VAN_24_02	0.136729555	VAN 24	MB2.319 (f__SG8-39)
841	MB2.191	EPS_VAN_24_02	0.163695917	VAN 24	MB2.191 (g__28-57-27)
842	MB2.220	EPS_VAN_24_02	0.17791443	VAN 24	MB2.220 (f__Hydrogenophilaceae)
843	L.E.AP.45	EPS_VAN_24_02	0.092567866	VAN 24	L.E.AP.45 (g__Pseudorhodoplanes)
844	MB2.232	EPS_VAN_24_02	0.113634373	VAN 24	MB2.232 (f__Burkholderiaceae)
845	MB2.211	EPS_VAN_24_02	0.658973851	VAN 24	MB2.211 (g__Thiobacillus)
846	MB2.224	EPS_VAN_24_02	0	VAN 24	MB2.224 (f__Dongiaceae)
847	MB2.8	EPS_VAN_24_02	0.008897829	VAN 24	MB2.8 (f__21-64-14)
848	MB2.316	EPS_VAN_24_02	0.093544949	VAN 24	MB2.316 (f__UBA7966)
849	MB2.253	EPS_VAN_24_02	0.028010288	VAN 24	MB2.253 (p__Proteobacteria)
850	MB2.231	EPS_VAN_24_02	0.010053244	VAN 24	MB2.231 (f__Geminicoccaceae)
851	MB2.86	EPS_VAN_24_02	0.161255222	VAN 24	MB2.86 (f__Geminicoccaceae)
852	L.E.AP.15	EPS_VAN_24_02	0	VAN 24	L.E.AP.15 (f__Parvularculaceae)
853	MB2.113	EPS_VAN_24_02	0.054802498	VAN 24	MB2.113 (f__Ga0077523)
854	L.E.AP.39	EPS_VAN_24_02	0.07313223	VAN 24	L.E.AP.39 (f__Hyphomonadaceae)
855	MB2.215	EPS_VAN_24_02	0.005180412	VAN 24	MB2.215 (o__Burkholderiales)
856	L.E.AP.14	EPS_VAN_24_02	0.010279546	VAN 24	L.E.AP.14 (f__UBA1301)
857	MB2.115	EPS_VAN_24_02	0.00179809	VAN 24	MB2.115 (o__Rhodospirillales_A)
858	AB.1	EPS_VAN_24_02	0	VAN 24	AB.1 (g__Altererythrobacter)
859	LS.6	EPS_VAN_24_02	0.02170486	VAN 24	LS.6 (g__Porphyrobacter)
860	LS.9	EPS_VAN_24_02	0.001303403	VAN 24	LS.9 (g__Altererythrobacter)
861	GCF_000381125.1	EPS_VAN_24_03	0.970046999	VAN 24	GCF_000381125.1 (s__Caldimonas)
862	LS.5	EPS_VAN_24_03	0.176863626	VAN 24	LS.5 (g__CV81)
863	NO.1	EPS_VAN_24_03	0.000486206	VAN 24	NO.1 (g__Novosphingobium_A)
864	MB2.62	EPS_VAN_24_03	0.107141013	VAN 24	MB2.62 (f__Magnetospiraceae)
865	CO.1	EPS_VAN_24_03	0.331283631	VAN 24	CO.1 (g__Rubrivivax)
866	L.E.AP.42	EPS_VAN_24_03	0	VAN 24	L.E.AP.42 (g__UBA2250)
867	MB2.14	EPS_VAN_24_03	0.007247028	VAN 24	MB2.14 (g__Ga0077555)
868	L.E.AP.25	EPS_VAN_24_03	0.056788634	VAN 24	L.E.AP.25 (g__UBA3361)
869	GCA_002339725.1	EPS_VAN_24_03	0.157970113	VAN 24	GCA_002339725.1 (s__UBA3361)
870	MB2.52	EPS_VAN_24_03	0.785154969	VAN 24	MB2.52 (g__UBA3361)
871	MB2.71	EPS_VAN_24_03	0.063900007	VAN 24	MB2.71 (g__UBA3361)
872	L.E.AP.19	EPS_VAN_24_03	0.228306975	VAN 24	L.E.AP.19 (o__UBA1301)
873	MB2.245	EPS_VAN_24_03	0.658950376	VAN 24	MB2.245 (g__BOG-931)
874	MB2.141	EPS_VAN_24_03	0.340724135	VAN 24	MB2.141 (g__SG8-30)
875	MB2.174	EPS_VAN_24_03	0.086652844	VAN 24	MB2.174 (g__SM1-46)
876	MB2.298	EPS_VAN_24_03	0.332782623	VAN 24	MB2.298 (f__21-64-14)
877	L.E.AP.13	EPS_VAN_24_03	0	VAN 24	L.E.AP.13 (g__CV81)
878	L.E.AP.16	EPS_VAN_24_03	0.457779803	VAN 24	L.E.AP.16 (g__Rubrivivax)
879	MB2.155	EPS_VAN_24_03	0.045603919	VAN 24	MB2.155 (g__UBA3361)
880	MB2.147	EPS_VAN_24_03	0.015557724	VAN 24	MB2.147 (g__UBA7672)
881	L.E.AP.33	EPS_VAN_24_03	0.299164259	VAN 24	L.E.AP.33 (f__Hydrogenophilaceae)
882	MB2.234	EPS_VAN_24_03	0.063199498	VAN 24	MB2.234 (g__RBG-16-58-11)
883	MB2.319	EPS_VAN_24_03	0.09917577	VAN 24	MB2.319 (f__SG8-39)
884	MB2.191	EPS_VAN_24_03	0.067549723	VAN 24	MB2.191 (g__28-57-27)
885	MB2.220	EPS_VAN_24_03	0.428258705	VAN 24	MB2.220 (f__Hydrogenophilaceae)
886	L.E.AP.45	EPS_VAN_24_03	0.02778285	VAN 24	L.E.AP.45 (g__Pseudorhodoplanes)
887	MB2.232	EPS_VAN_24_03	0.062154305	VAN 24	MB2.232 (f__Burkholderiaceae)
888	MB2.211	EPS_VAN_24_03	0.298727501	VAN 24	MB2.211 (g__Thiobacillus)
889	MB2.224	EPS_VAN_24_03	0.002622253	VAN 24	MB2.224 (f__Dongiaceae)
890	MB2.8	EPS_VAN_24_03	0.002654239	VAN 24	MB2.8 (f__21-64-14)
891	MB2.316	EPS_VAN_24_03	0	VAN 24	MB2.316 (f__UBA7966)
892	MB2.253	EPS_VAN_24_03	0.078231996	VAN 24	MB2.253 (p__Proteobacteria)
893	MB2.231	EPS_VAN_24_03	0	VAN 24	MB2.231 (f__Geminicoccaceae)
894	MB2.86	EPS_VAN_24_03	0.048346934	VAN 24	MB2.86 (f__Geminicoccaceae)
895	L.E.AP.15	EPS_VAN_24_03	0.032648728	VAN 24	L.E.AP.15 (f__Parvularculaceae)
896	MB2.113	EPS_VAN_24_03	0.008956218	VAN 24	MB2.113 (f__Ga0077523)
897	L.E.AP.39	EPS_VAN_24_03	0.113962972	VAN 24	L.E.AP.39 (f__Hyphomonadaceae)
898	MB2.215	EPS_VAN_24_03	0.004407569	VAN 24	MB2.215 (o__Burkholderiales)
899	L.E.AP.14	EPS_VAN_24_03	0.004640413	VAN 24	L.E.AP.14 (f__UBA1301)
900	MB2.115	EPS_VAN_24_03	0.003547026	VAN 24	MB2.115 (o__Rhodospirillales_A)
901	AB.1	EPS_VAN_24_03	0.006122717	VAN 24	AB.1 (g__Altererythrobacter)
902	LS.6	EPS_VAN_24_03	0.059998872	VAN 24	LS.6 (g__Porphyrobacter)
903	LS.9	EPS_VAN_24_03	0.000366958	VAN 24	LS.9 (g__Altererythrobacter)
